{
  "feature_set": "full",
  "feature_names": [
    "life_diff",
    "hand_diff",
    "lands_diff",
    "lib_size_log",
    "gy_size",
    "turn_number",
    "opp_clock_to_lethal",
    "log_turn",
    "arch_p1__Boros Energy",
    "arch_p1__Jeskai Blink",
    "arch_p1__Ruby Storm",
    "arch_p1__Affinity",
    "arch_p1__Eldrazi Tron",
    "arch_p1__Amulet Titan",
    "arch_p1__Goryo's Vengeance",
    "arch_p1__Domain Zoo",
    "arch_p1__Living End",
    "arch_p1__Izzet Prowess",
    "arch_p1__Dimir Midrange",
    "arch_p1__4c Omnath",
    "arch_p1__4/5c Control",
    "arch_p1__Azorius Control",
    "arch_p1__Azorius Control (WST)",
    "arch_p1__Pinnacle Affinity",
    "arch_p2__Boros Energy",
    "arch_p2__Jeskai Blink",
    "arch_p2__Ruby Storm",
    "arch_p2__Affinity",
    "arch_p2__Eldrazi Tron",
    "arch_p2__Amulet Titan",
    "arch_p2__Goryo's Vengeance",
    "arch_p2__Domain Zoo",
    "arch_p2__Living End",
    "arch_p2__Izzet Prowess",
    "arch_p2__Dimir Midrange",
    "arch_p2__4c Omnath",
    "arch_p2__4/5c Control",
    "arch_p2__Azorius Control",
    "arch_p2__Azorius Control (WST)",
    "arch_p2__Pinnacle Affinity"
  ],
  "coeffs": [
    0.14359726360446423,
    -0.08905983039668391,
    -0.2702875877820127,
    0.5779772496110636,
    0.07150211737217363,
    -0.05329202210099345,
    -0.03506563779571917,
    0.1480505730520446,
    0.35765671961250683,
    -0.45827987879911225,
    1.3354337191975825,
    1.0397312611415317,
    1.2396008355136021,
    0.09074935606145536,
    0.0,
    0.5272992477889622,
    -1.0894731030427498,
    -1.796171686687047,
    2.084447464243147,
    0.0,
    0.0,
    -0.4438862705211872,
    -2.4519429526095076,
    -0.4351647118991808,
    -0.3230147889831006,
    -0.742121910648953,
    -0.5383560040939929,
    -1.3127808919911192,
    -0.33164200598141114,
    3.031676544158902,
    0.0,
    0.39122633030972115,
    -1.2489723292746866,
    -0.6414714131156505,
    -0.9188650370422263,
    0.0,
    0.0,
    1.7674051860118343,
    0.0,
    0.8669163206506754
  ],
  "intercept": -1.5583807235088045,
  "platt_a": 0.8125755876962447,
  "platt_b": 0.07362336984704486,
  "archetype_index": [
    "Boros Energy",
    "Jeskai Blink",
    "Ruby Storm",
    "Affinity",
    "Eldrazi Tron",
    "Amulet Titan",
    "Goryo's Vengeance",
    "Domain Zoo",
    "Living End",
    "Izzet Prowess",
    "Dimir Midrange",
    "4c Omnath",
    "4/5c Control",
    "Azorius Control",
    "Azorius Control (WST)",
    "Pinnacle Affinity"
  ],
  "wr_offsets": {
    "Boros Energy|Goryo's Vengeance": 2.1972245773362196,
    "Goryo's Vengeance|Boros Energy": -2.197224577336219,
    "Boros Energy|Living End": 3.178053830347945,
    "Living End|Boros Energy": -3.1780538303479453,
    "Boros Energy|Jeskai Blink": 1.3862943611198908,
    "Jeskai Blink|Boros Energy": -1.3862943611198906,
    "Boros Energy|Eldrazi Tron": 0.16034265007517948,
    "Eldrazi Tron|Boros Energy": -0.16034265007517937,
    "Boros Energy|Domain Zoo": -0.2411620568168881,
    "Domain Zoo|Boros Energy": 0.24116205681688824,
    "Boros Energy|Azorius Control (WST v2)": 1.0459685551826876,
    "Azorius Control (WST v2)|Boros Energy": -1.0459685551826876,
    "Boros Energy|Izzet Prowess": 1.9924301646902063,
    "Izzet Prowess|Boros Energy": -1.9924301646902063,
    "Boros Energy|4/5c Control": 2.1972245773362196,
    "4/5c Control|Boros Energy": -2.197224577336219,
    "Boros Energy|Affinity": -0.5753641449035618,
    "Affinity|Boros Energy": 0.5753641449035619,
    "Boros Energy|Azorius Control (WST)": 1.815289966638249,
    "Azorius Control (WST)|Boros Energy": -1.8152899666382492,
    "Boros Energy|Dimir Midrange": 1.5163474893680882,
    "Dimir Midrange|Boros Energy": -1.5163474893680886,
    "Boros Energy|Pinnacle Affinity": 1.0459685551826876,
    "Pinnacle Affinity|Boros Energy": -1.0459685551826876,
    "Boros Energy|Amulet Titan": 2.1972245773362196,
    "Amulet Titan|Boros Energy": -2.197224577336219,
    "Boros Energy|Ruby Storm": 2.1972245773362196,
    "Ruby Storm|Boros Energy": -2.197224577336219,
    "Boros Energy|4c Omnath": 1.1526795099383855,
    "4c Omnath|Boros Energy": -1.1526795099383855,
    "Boros Energy|Azorius Control": 3.8918202981106256,
    "Azorius Control|Boros Energy": -3.8918202981106265,
    "Jeskai Blink|Affinity": -1.2656663733312759,
    "Affinity|Jeskai Blink": 1.265666373331276,
    "Jeskai Blink|Eldrazi Tron": -0.5753641449035618,
    "Eldrazi Tron|Jeskai Blink": 0.5753641449035619,
    "Jeskai Blink|Living End": 1.6582280766035322,
    "Living End|Jeskai Blink": -1.6582280766035322,
    "Jeskai Blink|Goryo's Vengeance": 2.1972245773362196,
    "Goryo's Vengeance|Jeskai Blink": -2.197224577336219,
    "Jeskai Blink|Izzet Prowess": 1.1526795099383855,
    "Izzet Prowess|Jeskai Blink": -1.1526795099383855,
    "Jeskai Blink|Domain Zoo": -0.663294217410264,
    "Domain Zoo|Jeskai Blink": 0.6632942174102643,
    "Jeskai Blink|Dimir Midrange": -0.3227733922630512,
    "Dimir Midrange|Jeskai Blink": 0.32277339226305085,
    "Jeskai Blink|4/5c Control": 1.3862943611198908,
    "4/5c Control|Jeskai Blink": -1.3862943611198906,
    "Jeskai Blink|Amulet Titan": 0.8472978603872034,
    "Amulet Titan|Jeskai Blink": -0.8472978603872036,
    "Jeskai Blink|Azorius Control (WST)": 1.5163474893680882,
    "Azorius Control (WST)|Jeskai Blink": -1.5163474893680886,
    "Jeskai Blink|Azorius Control (WST v2)": 1.6582280766035322,
    "Azorius Control (WST v2)|Jeskai Blink": -1.6582280766035322,
    "Jeskai Blink|Pinnacle Affinity": -0.0800427076735365,
    "Pinnacle Affinity|Jeskai Blink": 0.08004270767353656,
    "Jeskai Blink|Ruby Storm": 1.5163474893680882,
    "Ruby Storm|Jeskai Blink": -1.5163474893680886,
    "Jeskai Blink|4c Omnath": 0.08004270767353656,
    "4c Omnath|Jeskai Blink": -0.0800427076735365,
    "Jeskai Blink|Azorius Control": 3.8918202981106256,
    "Azorius Control|Jeskai Blink": -3.8918202981106265,
    "Ruby Storm|Affinity": -3.8918202981106265,
    "Affinity|Ruby Storm": 3.8918202981106256,
    "Ruby Storm|Eldrazi Tron": -3.1780538303479453,
    "Eldrazi Tron|Ruby Storm": 3.178053830347945,
    "Affinity|Eldrazi Tron": 2.751535313041948,
    "Eldrazi Tron|Affinity": -2.751535313041949,
    "Ruby Storm|Dimir Midrange": -3.8918202981106265,
    "Dimir Midrange|Ruby Storm": 3.8918202981106256,
    "Ruby Storm|Domain Zoo": -1.2656663733312759,
    "Domain Zoo|Ruby Storm": 1.265666373331276,
    "Affinity|Goryo's Vengeance": 3.8918202981106256,
    "Goryo's Vengeance|Affinity": -3.8918202981106265,
    "Affinity|Amulet Titan": 3.178053830347945,
    "Amulet Titan|Affinity": -3.1780538303479453,
    "Ruby Storm|Living End": 0.5753641449035619,
    "Living End|Ruby Storm": -0.5753641449035618,
    "Ruby Storm|Izzet Prowess": -1.6582280766035322,
    "Izzet Prowess|Ruby Storm": 1.6582280766035322,
    "Ruby Storm|Pinnacle Affinity": -2.197224577336219,
    "Pinnacle Affinity|Ruby Storm": 2.1972245773362196,
    "Ruby Storm|Azorius Control (WST)": -1.9924301646902063,
    "Azorius Control (WST)|Ruby Storm": 1.9924301646902063,
    "Affinity|Domain Zoo": 0.4054651081081642,
    "Domain Zoo|Affinity": -0.4054651081081643,
    "Affinity|Living End": 1.9924301646902063,
    "Living End|Affinity": -1.9924301646902063,
    "Ruby Storm|Azorius Control (WST v2)": -1.8152899666382492,
    "Azorius Control (WST v2)|Ruby Storm": 1.815289966638249,
    "Ruby Storm|4c Omnath": -1.5163474893680886,
    "4c Omnath|Ruby Storm": 1.5163474893680882,
    "Affinity|Izzet Prowess": 2.442347035369205,
    "Izzet Prowess|Affinity": -2.4423470353692043,
    "Affinity|Dimir Midrange": 1.6582280766035322,
    "Dimir Midrange|Affinity": -1.6582280766035322,
    "Affinity|4/5c Control": 2.1972245773362196,
    "4/5c Control|Affinity": -2.197224577336219,
    "Ruby Storm|Goryo's Vengeance": 0.5753641449035619,
    "Goryo's Vengeance|Ruby Storm": -0.5753641449035618,
    "Ruby Storm|Amulet Titan": -0.8472978603872036,